400,0.0062734404243848
403.030303030303,0.00627565387348654
406.060606060606,0.00627384574356807
409.090909090909,0.00627568682566632
412.121212121212,0.00627667632661404
415.151515151515,0.00627725442982311
418.181818181818,0.00628143388938327
421.212121212121,0.00628144327992275
424.242424242424,0.00628165048416104
427.272727272727,0.00628159821036056
430.30303030303,0.0062802237084242
433.333333333333,0.00628350638540466
436.363636363636,0.00628381412202943
439.393939393939,0.00628352185919457
442.424242424242,0.00628395505276852
445.454545454545,0.00628374951656905
448.484848484848,0.00628456046025263
451.515151515152,0.0062841429337641
454.545454545455,0.00628768691154563
457.575757575758,0.00628566048602768
460.606060606061,0.0062860400594401
463.636363636364,0.0062859039541437
466.666666666667,0.00628500141479047
469.69696969697,0.00628465706196833
472.727272727273,0.00628481492009615
475.757575757576,0.00628643792926083
478.787878787879,0.0062852646981779
481.818181818182,0.00628475726777467
484.848484848485,0.00628470792077075
487.878787878788,0.00628500903935803
490.909090909091,0.0062849666359109
493.939393939394,0.00628464300407942
496.969696969697,0.00628488675921663
500,0.00628425912637634
503.030303030303,0.00628191619011515
506.060606060606,0.00628163935396337
509.090909090909,0.00628336397316143
512.121212121212,0.00628097354870588
515.151515151515,0.00627998588873661
518.181818181818,0.00627812930091829
521.212121212121,0.00627992566839456
524.242424242424,0.00627777883302037
527.272727272727,0.00627839098211178
530.30303030303,0.00627645212510907
533.333333333333,0.00627573282909134
536.363636363636,0.00627750339465627
539.393939393939,0.00627427941276488
542.424242424242,0.00627345593852721
545.454545454545,0.00627141522300333
548.484848484848,0.0062694404770081
551.515151515152,0.00627019496657721
554.545454545455,0.00626830593822474
557.575757575758,0.00626677907814027
560.606060606061,0.00626490106794593
563.636363636364,0.00626618290546624
566.666666666667,0.00626345384365304
569.69696969697,0.00626169573711051
572.727272727273,0.00625939947389375
575.757575757576,0.00625871409326336
578.787878787879,0.00625669378114891
581.818181818182,0.00625711197764907
584.848484848485,0.00625679613386938
587.878787878788,0.00625455021399014
590.909090909091,0.00625410958697586
593.939393939394,0.00625100372885449
596.969696969697,0.0062483761984141
600,0.00624924377120132
603.030303030303,0.00624798937772317
606.060606060606,0.00624686400869485
609.090909090909,0.00624462719561755
612.121212121212,0.00624219467960254
615.151515151515,0.00624126536077902
618.181818181818,0.00623924450841934
621.212121212121,0.00623789282649885
624.242424242424,0.00623555877568546
627.272727272727,0.00623500239549304
630.30303030303,0.00623512657185702
633.333333333333,0.00623173154940916
636.363636363636,0.00623109718331881
639.393939393939,0.00623007145082816
642.424242424242,0.00622942202515794
645.454545454545,0.00622777942334746
648.484848484848,0.00622644694527202
651.515151515152,0.00622666415203914
654.545454545455,0.00622466929369251
657.575757575758,0.00622105485132714
660.606060606061,0.00622352405094781
663.636363636364,0.0062205440028369
666.666666666667,0.00621779613336414
669.69696969697,0.00621752027826475
672.727272727273,0.00621643624998053
675.757575757576,0.00621477068544222
678.787878787879,0.00621488495908973
681.818181818182,0.00621413069119274
684.848484848485,0.00621387586485945
687.878787878788,0.00621278141430475
690.909090909091,0.00621186272484328
693.939393939394,0.00621290045911399
696.969696969697,0.0062082188238736
700,0.00620886240786438
703.030303030303,0.00621020382521751
706.060606060606,0.00620721559697645
709.090909090909,0.00620647277169547
712.121212121212,0.0062068503027759
715.151515151515,0.00620630121342601
718.181818181818,0.00620661444333541
721.212121212121,0.00620328265348681
724.242424242424,0.0062037600920041
727.272727272727,0.00620430342032443
730.30303030303,0.00620384818257681
733.333333333333,0.00620434138604551
736.363636363636,0.00620227983356979
739.393939393939,0.00620409033001828
742.424242424242,0.00620104091271094
745.454545454545,0.0062017615514986
748.484848484848,0.00620098732070926
751.515151515152,0.00620044003029652
754.545454545455,0.00620105659740499
757.575757575758,0.00620037684902317
760.606060606061,0.00619996326818466
763.636363636364,0.00619817237246312
766.666666666667,0.00619942784730612
769.69696969697,0.00620209927966959
772.727272727273,0.00619826069676343
775.757575757576,0.00620008438089053
778.787878787879,0.00620084223904379
781.818181818182,0.00619960699642999
784.848484848485,0.00619972341122047
787.878787878788,0.0061986605430073
790.909090909091,0.00620039042487873
793.939393939394,0.0062016939322047
796.969696969697,0.00620088140724849
800,0.00620177009215444
803.030303030303,0.00620315276849556
806.060606060606,0.00620505980693152
809.090909090909,0.00620579763627699
812.121212121212,0.00620768960687825
815.151515151515,0.00620927612898162
818.181818181818,0.00621301139917852
821.212121212121,0.00621698863002829
824.242424242424,0.00622425316602257
827.272727272727,0.00623182999960618
830.30303030303,0.00624123426883315
833.333333333333,0.0062519113525169
836.363636363636,0.00626450750187861
839.393939393939,0.0062746673473199
842.424242424242,0.00628533281060681
845.454545454545,0.00629513680707777
848.484848484848,0.00629959992976866
851.515151515152,0.00629741720165712
854.545454545455,0.00629322734538271
857.575757575758,0.0062867050782495
860.606060606061,0.00627607419085833
863.636363636364,0.00626704277366265
866.666666666667,0.00625313480605472
869.69696969697,0.00624658450688575
872.727272727273,0.00623799349552181
875.757575757576,0.00623120811935066
878.787878787879,0.00622771045233829
881.818181818182,0.00622267291074311
884.848484848485,0.00622042652689599
887.878787878788,0.00622069423833814
890.909090909091,0.00621636381470632
893.939393939394,0.00621655911602458
896.969696969697,0.00621689878195003
900,0.00621706366790972
903.030303030303,0.00621777771109799
906.060606060606,0.00621925099501298
909.090909090909,0.00622012236165302
912.121212121212,0.00622077631896235
915.151515151515,0.00622057430123084
918.181818181818,0.0062236562422657
921.212121212121,0.00622379395895559
924.242424242424,0.00622571864348554
927.272727272727,0.00622715034558873
930.30303030303,0.00623023415777833
933.333333333333,0.00623274006019561
936.363636363636,0.00623563665992407
939.393939393939,0.00623792240886367
942.424242424242,0.0062407305262412
945.454545454545,0.00624383006455182
948.484848484848,0.00624812977463891
951.515151515152,0.0062517582578173
954.545454545455,0.00625694188015003
957.575757575758,0.00625883545770844
960.606060606061,0.00626239673519809
963.636363636364,0.00626708723422987
966.666666666667,0.00627367377563434
969.69696969697,0.00627780587873532
972.727272727273,0.00628139309511837
975.757575757576,0.00628782439374508
978.787878787879,0.00629231993444442
981.818181818182,0.00629841341123965
984.848484848485,0.00630361074085219
987.878787878788,0.00630761954091074
990.909090909091,0.00631254455037166
993.939393939394,0.00631787844879287
996.969696969697,0.00632300846993258
1000,0.00632849002114034
1003.0303030303,0.00633450608052313
1006.06060606061,0.00633712017646264
1009.09090909091,0.00634089028288096
1012.12121212121,0.00634465525212203
1015.15151515152,0.00634747979548288
1018.18181818182,0.00635252206282668
1021.21212121212,0.00635366442140285
1024.24242424242,0.00635629577719593
1027.27272727273,0.00635741257835551
1030.30303030303,0.00635821078761913
1033.33333333333,0.0063607968948424
1036.36363636364,0.00635902513421826
1039.39393939394,0.00635751206314986
1042.42424242424,0.00635827667375515
1045.45454545455,0.00635726672641293
1048.48484848485,0.0063550723383736
1051.51515151515,0.00635244182956164
1054.54545454545,0.00634972859314409
1057.57575757576,0.00634659634919818
1060.60606060606,0.00634417597947556
1063.63636363636,0.00634137592004752
1066.66666666667,0.00633416207023022
1069.69696969697,0.0063305713489001
1072.72727272727,0.00632653979731042
1075.75757575758,0.00632356244765345
1078.78787878788,0.00631816312809614
1081.81818181818,0.006314603671367
1084.84848484848,0.0063085194705122
1087.87878787879,0.00630405929017188
1090.90909090909,0.00629950076020354
1093.93939393939,0.00629801814701524
1096.9696969697,0.00629141607123768
1100,0.00628761750690528
1103.0303030303,0.00628392919696444
1106.06060606061,0.00628128950760957
1109.09090909091,0.00627814130745758
1112.12121212121,0.00627374895302146
1115.15151515152,0.00627155785686112
1118.18181818182,0.00627052916040965
1121.21212121212,0.00626591971825005
1124.24242424242,0.00626621750038294
1127.27272727273,0.00626129687762425
1130.30303030303,0.00626103619885033
1133.33333333333,0.00625922450243959
1136.36363636364,0.00625790324411209
1139.39393939394,0.00625627642211982
1142.42424242424,0.00625630299451069
1145.45454545455,0.00625250419624811
1148.48484848485,0.00625337873307485
1151.51515151515,0.00625036979099781
1154.54545454545,0.00624875879547039
1157.57575757576,0.0062490420263191
1160.60606060606,0.00624661461970173
1163.63636363636,0.00624422692503024
1166.66666666667,0.00624332586487165
1169.69696969697,0.00624258428403148
1172.72727272727,0.00624064938229734
1175.75757575758,0.00624137667097195
1178.78787878788,0.00623734318386994
1181.81818181818,0.00623567882929951
1184.84848484848,0.00623597265512772
1187.87878787879,0.00623285405018402
1190.90909090909,0.0062314428063396
1193.93939393939,0.00623146811891466
1196.9696969697,0.00623024643506735
1200,0.00623020767571697
1203.0303030303,0.006225660542195
1206.06060606061,0.00622355327556283
1209.09090909091,0.00622558774830188
1212.12121212121,0.0062238165419889
1215.15151515152,0.00622024323910034
1218.18181818182,0.00622126043684877
1221.21212121212,0.00621864892916722
1224.24242424242,0.00621817884502389
1227.27272727273,0.00621778364867108
1230.30303030303,0.0062173733985639
1233.33333333333,0.00621414570952069
1236.36363636364,0.006212716019871
1239.39393939394,0.00621256808474701
1242.42424242424,0.00621060537684695
1245.45454545455,0.00621012296543843
1248.48484848485,0.00621148083896561
1251.51515151515,0.00620970972482684
1254.54545454545,0.00620780717522224
1257.57575757576,0.00620853619452939
1260.60606060606,0.00620748068427351
1263.63636363636,0.00620810575426936
1266.66666666667,0.00620819487096117
1269.69696969697,0.00620579662366493
1272.72727272727,0.00620558898097138
1275.75757575758,0.00620672121312425
1278.78787878788,0.00620516959594183
1281.81818181818,0.00620556159969774
1284.84848484848,0.00620523261719226
1287.87878787879,0.00620427661905306
1290.90909090909,0.00620453453023196
1293.93939393939,0.00620473419527084
1296.9696969697,0.00620458030569726
1300,0.00620411649204847
1303.0303030303,0.00620416883239565
1306.06060606061,0.00620381906830311
1309.09090909091,0.00620443915364477
1312.12121212121,0.00620481555767282
1315.15151515152,0.00620535914574503
1318.18181818182,0.00620448606031572
1321.21212121212,0.00620510260298977
1324.24242424242,0.00620291307414055
1327.27272727273,0.00620592965302281
1330.30303030303,0.00620467190544288
1333.33333333333,0.00620494033380988
1336.36363636364,0.00620477136686619
1339.39393939394,0.0062054904998262
1342.42424242424,0.00620635851194159
1345.45454545455,0.00620827455590049
1348.48484848485,0.00620515119071531
1351.51515151515,0.00620516669676213
1354.54545454545,0.00620761804181711
1357.57575757576,0.00620871520349877
1360.60606060606,0.00620795051940918
1363.63636363636,0.00620968384063476
1366.66666666667,0.00620944021088879
1369.69696969697,0.00620996365017367
1372.72727272727,0.00621007023882223
1375.75757575758,0.00621185469053138
1378.78787878788,0.00621247407411396
1381.81818181818,0.00621371194272758
1384.84848484848,0.00621268085172453
1387.87878787879,0.00621426473282533
1390.90909090909,0.00621406262813358
1393.93939393939,0.00621310333096637
1396.9696969697,0.006214744551824
1400,0.00621569679774719
1403.0303030303,0.00621750051625916
1406.06060606061,0.00621799741202384
1409.09090909091,0.00622054366596852
1412.12121212121,0.00621955232790165
1415.15151515152,0.00622376284033565
1418.18181818182,0.00622198894041073
1421.21212121212,0.00622252784056812
1424.24242424242,0.00622449179853297
1427.27272727273,0.0062269974958967
1430.30303030303,0.00622759060529342
1433.33333333333,0.00623205718826106
1436.36363636364,0.00623105758606565
1439.39393939394,0.00623316790373937
1442.42424242424,0.00623485097654207
1445.45454545455,0.00623950088367319
1448.48484848485,0.00624064272090361
1451.51515151515,0.00624456192450066
1454.54545454545,0.00624804854325549
1457.57575757576,0.0062520689301808
1460.60606060606,0.00625745176564596
1463.63636363636,0.00626250856258289
1466.66666666667,0.00626924312480955
1469.69696969697,0.00627772329186521
1472.72727272727,0.00628497891773901
1475.75757575758,0.00629720695370282
1478.78787878788,0.00630529224194776
1481.81818181818,0.00631732419978556
1484.84848484848,0.00632836167980037
1487.87878787879,0.0063393477240603
1490.90909090909,0.0063514003340742
1493.93939393939,0.00636313409870848
1496.9696969697,0.00637240873264128
1500,0.00638025006449821
1503.0303030303,0.00638933984466692
1506.06060606061,0.00639402875090604
1509.09090909091,0.00639870876557881
1512.12121212121,0.00639955308533176
1515.15151515152,0.00639951074136074
1518.18181818182,0.00639758656095477
1521.21212121212,0.00639311651096878
1524.24242424242,0.00639101141730829
1527.27272727273,0.0063813862172798
1530.30303030303,0.00637425323628108
1533.33333333333,0.00636817026853786
1536.36363636364,0.00636048133920288
1539.39393939394,0.00635379080367516
1542.42424242424,0.00634938849872153
1545.45454545455,0.00634245625935259
1548.48484848485,0.00633871434206748
1551.51515151515,0.00633538682545808
1554.54545454545,0.00633096529389453
1557.57575757576,0.00633183631516064
1560.60606060606,0.00632780974546006
1563.63636363636,0.00632744064697128
1566.66666666667,0.00632878063334954
1569.69696969697,0.00632910186465071
1572.72727272727,0.00632719701803314
1575.75757575758,0.00632860407178659
1578.78787878788,0.0063289314607199
1581.81818181818,0.00633236681365923
1584.84848484848,0.00633329144396705
1587.87878787879,0.00633642955968937
1590.90909090909,0.00633643175543161
1593.93939393939,0.00633649065751796
1596.9696969697,0.00634060170694089
1600,0.00634201507840381
1603.0303030303,0.00634362370929942
1606.06060606061,0.00634356746305714
1609.09090909091,0.00634552187041003
1612.12121212121,0.0063468555722886
1615.15151515152,0.00634839721644966
1618.18181818182,0.00634989996584302
1621.21212121212,0.00635025320178051
1624.24242424242,0.00635165973643068
1627.27272727273,0.00635280162904729
1630.30303030303,0.00635347109651053
1633.33333333333,0.00635476065125703
1636.36363636364,0.00635334507197221
1639.39393939394,0.00635299195250959
1642.42424242424,0.00635504252921151
1645.45454545455,0.00635407848094834
1648.48484848485,0.00635548018480122
1651.51515151515,0.00635393527460581
1654.54545454545,0.00635259371987082
1657.57575757576,0.00635433632532696
1660.60606060606,0.00635397673142114
1663.63636363636,0.00635161373870745
1666.66666666667,0.00634938351964267
1669.69696969697,0.00635001864382182
1672.72727272727,0.00634928567746857
1675.75757575758,0.0063457435709513
1678.78787878788,0.00634553845613638
1681.81818181818,0.006344535694108
1684.84848484848,0.00634398797179375
1687.87878787879,0.00634244771528019
1690.90909090909,0.00634204826832988
1693.93939393939,0.00633712751456714
1696.9696969697,0.00633709039278127
1700,0.00633592054524032
1703.0303030303,0.00633388100586859
1706.06060606061,0.00633195445004794
1709.09090909091,0.00632911221160289
1712.12121212121,0.00632920121841766
1715.15151515152,0.00632712886328482
1718.18181818182,0.00632480874075743
1721.21212121212,0.00632233238482901
1724.24242424242,0.00632130748789707
1727.27272727273,0.00632195965981614
1730.30303030303,0.00631913219377104
1733.33333333333,0.00631618500898457
1736.36363636364,0.00631421915137558
1739.39393939394,0.00631324536734926
1742.42424242424,0.00631137923408735
1745.45454545455,0.00631218021311289
1748.48484848485,0.0063096943766745
1751.51515151515,0.00630728577159387
1754.54545454545,0.00630822377679816
1757.57575757576,0.00630308027047246
1760.60606060606,0.0063018478758574
1763.63636363636,0.00630258870989052
1766.66666666667,0.00630099669993904
1769.69696969697,0.00630014926352872
1772.72727272727,0.00629824245983287
1775.75757575758,0.00629731993193869
1778.78787878788,0.00629715512956131
1781.81818181818,0.00629915048459327
1784.84848484848,0.0062960706155198
1787.87878787879,0.00629438349146275
1790.90909090909,0.00629381659327217
1793.93939393939,0.00629215873874675
1796.9696969697,0.00629264777604483
1800,0.00629265836404962
1803.0303030303,0.00628981929488564
1806.06060606061,0.00628977607870678
1809.09090909091,0.00628991764139346
1812.12121212121,0.00629031740429863
1815.15151515152,0.00628752637249274
1818.18181818182,0.0062883118545465
1821.21212121212,0.00628730898410284
1824.24242424242,0.00628407449975264
1827.27272727273,0.00628469781198448
1830.30303030303,0.00628405531760527
1833.33333333333,0.00628401809642926
1836.36363636364,0.00628495447447291
1839.39393939394,0.00628385341346436
1842.42424242424,0.00628163046019236
1845.45454545455,0.00628243416304225
1848.48484848485,0.00628270230106766
1851.51515151515,0.0062781413405975
1854.54545454545,0.00627948346365408
1857.57575757576,0.00627820335472496
1860.60606060606,0.00627811797857915
1863.63636363636,0.00627875707182124
1866.66666666667,0.00627631433749904
1869.69696969697,0.0062774939201843
1872.72727272727,0.0062746107132886
1875.75757575758,0.0062738606705803
1878.78787878788,0.00627541760192515
1881.81818181818,0.00627477331030935
1884.84848484848,0.00627407279084359
1887.87878787879,0.00627267717831397
1890.90909090909,0.00627043116660683
1893.93939393939,0.00626964599106347
1896.9696969697,0.00626933494040027
1900,0.00626857863322401
1903.0303030303,0.00626825884850665
1906.06060606061,0.00626788741086749
1909.09090909091,0.0062662852676139
1912.12121212121,0.00626670360630951
1915.15151515152,0.00626474406290499
1918.18181818182,0.00626588745141318
1921.21212121212,0.00626452942862918
1924.24242424242,0.00626210900889365
1927.27272727273,0.00626141453136589
1930.30303030303,0.00626162371283752
1933.33333333333,0.00626209554929772
1936.36363636364,0.00626196738976988
1939.39393939394,0.00626118650982505
1942.42424242424,0.00625909439948281
1945.45454545455,0.00625859815707561
1948.48484848485,0.00625828176586558
1951.51515151515,0.0062579699056723
1954.54545454545,0.00625694883596646
1957.57575757576,0.00625584696943232
1960.60606060606,0.00625571695827559
1963.63636363636,0.00625650787922102
1966.66666666667,0.00625553468325656
1969.69696969697,0.00625489068225935
1972.72727272727,0.00625473691229366
1975.75757575758,0.00625545372293523
1978.78787878788,0.00625687370211746
1981.81818181818,0.00625303022767816
1984.84848484848,0.00625422867906145
1987.87878787879,0.00625285880351624
1990.90909090909,0.00625304311201708
1993.93939393939,0.00625420421438447
1996.9696969697,0.00625314675570523
2000,0.00625397215127902
2003.0303030303,0.00625203268768286
2006.06060606061,0.00625357231391009
2009.09090909091,0.00625311785294899
2012.12121212121,0.00625207457241116
2015.15151515152,0.00625295359165742
2018.18181818182,0.0062526143761534
2021.21212121212,0.00625207295904231
2024.24242424242,0.00625186475117209
2027.27272727273,0.00625066477879296
2030.30303030303,0.00624982474380612
2033.33333333333,0.00625053172024557
2036.36363636364,0.00625099239146807
2039.39393939394,0.00625058581620233
2042.42424242424,0.00625000657087924
2045.45454545455,0.00625004694311238
2048.48484848485,0.00624929609237543
2051.51515151515,0.00624750622941656
2054.54545454545,0.00624749914772197
2057.57575757576,0.00624922736230461
2060.60606060606,0.00624743320049283
2063.63636363636,0.00624622420793912
2066.66666666667,0.00624697117588949
2069.69696969697,0.00624790047185
2072.72727272727,0.00624611696166111
2075.75757575758,0.00624733220821645
2078.78787878788,0.0062451173460716
2081.81818181818,0.00624435641848796
2084.84848484848,0.00624466231793397
2087.87878787879,0.0062415052280729
2090.90909090909,0.00624331742644825
2093.93939393939,0.00624285477012119
2096.9696969697,0.00624150021838671
2100,0.00623949935251144
2103.0303030303,0.00624074415206728
2106.06060606061,0.00624129136564175
2109.09090909091,0.00624142294395011
2112.12121212121,0.00623786156014631
2115.15151515152,0.00623901683082518
2118.18181818182,0.00623742439004977
2121.21212121212,0.00623779515909069
2124.24242424242,0.00623793295040366
2127.27272727273,0.00623811678160206
2130.30303030303,0.00623871916930419
2133.33333333333,0.00623606033182765
2136.36363636364,0.00623765736891026
2139.39393939394,0.00623698167440769
2142.42424242424,0.00623883094172393
2145.45454545455,0.00623797484901502
2148.48484848485,0.00623720962119927
2151.51515151515,0.00623779362328772
2154.54545454545,0.00623554765904377
2157.57575757576,0.00623692878576876
2160.60606060606,0.0062363926104505
2163.63636363636,0.00623795831990446
2166.66666666667,0.00623531344706779
2169.69696969697,0.00623633829527927
2172.72727272727,0.00623693647770395
2175.75757575758,0.00623584316190283
2178.78787878788,0.00623659072927229
2181.81818181818,0.00623688497968597
2184.84848484848,0.00623697890605311
2187.87878787879,0.00623551137214656
2190.90909090909,0.0062383814813541
2193.93939393939,0.00623814965455579
2196.9696969697,0.0062376081268224
2200,0.00623609959918444
2203.0303030303,0.00623596574474462
2206.06060606061,0.00623750465008474
2209.09090909091,0.00623964741373651
2212.12121212121,0.00623857486520293
2215.15151515152,0.00623855550619903
2218.18181818182,0.00623807881054542
2221.21212121212,0.00624093601133241
2224.24242424242,0.00623800206654477
2227.27272727273,0.00623647784882437
2230.30303030303,0.00624006135759556
2233.33333333333,0.00623827681825221
2236.36363636364,0.00624080966540966
2239.39393939394,0.00623921446094056
2242.42424242424,0.00624041046786104
2245.45454545455,0.00624173588650057
2248.48484848485,0.00624264649274649
2251.51515151515,0.00624132796024906
2254.54545454545,0.00624240893792914
2257.57575757576,0.00624133847579385
2260.60606060606,0.00624386535709079
2263.63636363636,0.00624465797663481
2266.66666666667,0.00624414644861356
2269.69696969697,0.00624210011953631
2272.72727272727,0.00624347674085885
2275.75757575758,0.00624410892053776
2278.78787878788,0.00624519368503506
2281.81818181818,0.00624565436819763
2284.84848484848,0.00624628234050016
2287.87878787879,0.00624624798190294
2290.90909090909,0.00624796853413665
2293.93939393939,0.00624713252385921
2296.9696969697,0.00624807568569206
2300,0.00624760907005833
2303.0303030303,0.00624923962086237
2306.06060606061,0.0062475232580954
2309.09090909091,0.00624986607561479
2312.12121212121,0.00625027808724369
2315.15151515152,0.00625169840497225
2318.18181818182,0.00625036693812321
2321.21212121212,0.00625300695012701
2324.24242424242,0.00625056924631033
2327.27272727273,0.00625135170322561
2330.30303030303,0.00625329580002559
2333.33333333333,0.00625355559405415
2336.36363636364,0.00625403210135079
2339.39393939394,0.00625562218572099
2342.42424242424,0.00625638556249991
2345.45454545455,0.00625697597190408
2348.48484848485,0.00625677751278153
2351.51515151515,0.00625887758569839
2354.54545454545,0.00625701081891155
2357.57575757576,0.0062592402824718
2360.60606060606,0.00625892524452594
2363.63636363636,0.00626024168860686
2366.66666666667,0.00626064005221986
2369.69696969697,0.00625973647058157
2372.72727272727,0.00626052108609027
2375.75757575758,0.00626435349801814
2378.78787878788,0.00626166231215387
2381.81818181818,0.006263705867376
2384.84848484848,0.00626508683556356
2387.87878787879,0.00626583633816953
2390.90909090909,0.00626676272802648
2393.93939393939,0.00626800303921365
2396.9696969697,0.00626551135618606
2400,0.00626879915165951
2403.0303030303,0.00626817083726726
2406.06060606061,0.00627039661675916
2409.09090909091,0.00626930123277899
2412.12121212121,0.00627120418823358
2415.15151515152,0.00627194240251135
2418.18181818182,0.00627342670889703
2421.21212121212,0.00627313813352496
2424.24242424242,0.00627695195431306
2427.27272727273,0.00627563194550442
2430.30303030303,0.00627787682232272
2433.33333333333,0.00627777366512315
2436.36363636364,0.00627721256442713
2439.39393939394,0.00628080498958037
2442.42424242424,0.00628016460511831
2445.45454545455,0.00628140147360019
2448.48484848485,0.00628319546076942
2451.51515151515,0.00628392502721714
2454.54545454545,0.00628366910960129
2457.57575757576,0.00628601534781869
2460.60606060606,0.00628524816373264
2463.63636363636,0.00628670855911987
2466.66666666667,0.00628782683211371
2469.69696969697,0.00629029104556542
2472.72727272727,0.00628846810787218
2475.75757575758,0.00629164238622938
2478.78787878788,0.00629230860138557
2481.81818181818,0.0062929939854077
2484.84848484848,0.00629557039499953
2487.87878787879,0.0062962290557137
2490.90909090909,0.00629796022692134
2493.93939393939,0.00629828967651842
2496.9696969697,0.00629775881600645
2500,0.00630016311024855
2503.0303030303,0.00630138902488649
2506.06060606061,0.00630319098327782
2509.09090909091,0.0063045087088958
2512.12121212121,0.00630475133142632
2515.15151515152,0.00630605267190408
2518.18181818182,0.0063056319307858
2521.21212121212,0.00630989266278074
2524.24242424242,0.00631171305475933
2527.27272727273,0.00631390434516138
2530.30303030303,0.00631339973398132
2533.33333333333,0.00631455804180243
2536.36363636364,0.00631634917454628
2539.39393939394,0.00631706888572132
2542.42424242424,0.00631840895631799
2545.45454545455,0.00631986408550141
2548.48484848485,0.0063216522950496
2551.51515151515,0.00632228905930957
2554.54545454545,0.00632388482111406
2557.57575757576,0.00632556583563933
2560.60606060606,0.00632759314634993
2563.63636363636,0.00632894732777387
2566.66666666667,0.00633107695880839
2569.69696969697,0.00633232774916924
2572.72727272727,0.00633441930623249
2575.75757575758,0.00633639263720874
2578.78787878788,0.00633744966734972
2581.81818181818,0.00633817200331331
2584.84848484848,0.00634168681319583
2587.87878787879,0.0063430782447192
2590.90909090909,0.00634377850514526
2593.93939393939,0.00634543655862669
2596.9696969697,0.00634821341836415
2600,0.00634952012409462
2603.0303030303,0.00635122536214703
2606.06060606061,0.00635352356482208
2609.09090909091,0.00635550472631937
2612.12121212121,0.00635883031262922
2615.15151515152,0.00636032485073041
2618.18181818182,0.0063635552324225
2621.21212121212,0.00636421422428617
2624.24242424242,0.00636818932700005
2627.27272727273,0.00636863514661136
2630.30303030303,0.00636872311965237
2633.33333333333,0.00637292570060592
2636.36363636364,0.00637432462691788
2639.39393939394,0.00637756681070982
2642.42424242424,0.00638071787986035
2645.45454545455,0.00638298647245672
2648.48484848485,0.00638541741875579
2651.51515151515,0.00638666007502082
2654.54545454545,0.00639186000951602
2657.57575757576,0.00639196982368757
2660.60606060606,0.00639528226306773
2663.63636363636,0.00639900326091913
2666.66666666667,0.00640324245432902
2669.69696969697,0.00640349485023245
2672.72727272727,0.00640642238742192
2675.75757575758,0.00640984994846518
2678.78787878788,0.00641405651488821
2681.81818181818,0.00641393356240381
2684.84848484848,0.00641899081123959
2687.87878787879,0.00642191128720604
2690.90909090909,0.00642387703962472
2693.93939393939,0.00642931295715518
2696.9696969697,0.00643108115560805
2700,0.0064341045301268
2703.0303030303,0.00643618417830459
2706.06060606061,0.00644093794450025
2709.09090909091,0.00644695184492583
2712.12121212121,0.00644763034682606
2715.15151515152,0.00645258166655579
2718.18181818182,0.00645580236458669
2721.21212121212,0.00645876526127417
2724.24242424242,0.0064637151579627
2727.27272727273,0.006468613934259
2730.30303030303,0.00647181788786103
2733.33333333333,0.00647606659717961
2736.36363636364,0.00647972159920422
2739.39393939394,0.00648441081563315
2742.42424242424,0.00648902574097652
2745.45454545455,0.00649318334295118
2748.48484848485,0.0064992713629903
2751.51515151515,0.00650407120213287
2754.54545454545,0.00650706829316798
2757.57575757576,0.0065128593300588
2760.60606060606,0.00651705302545682
2763.63636363636,0.0065228139920466
2766.66666666667,0.00652820385676492
2769.69696969697,0.00653499173965254
2772.72727272727,0.00653938505231731
2775.75757575758,0.00654572482274232
2778.78787878788,0.00654901611512233
2781.81818181818,0.00655638121201035
2784.84848484848,0.00656074473422461
2787.87878787879,0.00657098271498432
2790.90909090909,0.00657661106664985
2793.93939393939,0.00658225096905374
2796.9696969697,0.0065870625424605
2800,0.00659686168868698
2803.0303030303,0.00660302080646719
2806.06060606061,0.00661021237717565
2809.09090909091,0.00661902051674742
2812.12121212121,0.00662445485478468
2815.15151515152,0.006631455180617
2818.18181818182,0.00663962890461431
2821.21212121212,0.00664739181562095
2824.24242424242,0.00665690890278717
2827.27272727273,0.0066654495020181
2830.30303030303,0.00667524136603215
2833.33333333333,0.00668291387095915
2836.36363636364,0.00669360052875256
2839.39393939394,0.00670127824631706
2842.42424242424,0.0067103416905543
2845.45454545455,0.006722392294042
2848.48484848485,0.0067330907336528
2851.51515151515,0.00674347527319856
2854.54545454545,0.00675448562540903
2857.57575757576,0.00676372469073732
2860.60606060606,0.00677650954132104
2863.63636363636,0.00678644285933734
2866.66666666667,0.00679866737241633
2869.69696969697,0.00681487851751262
2872.72727272727,0.00682484577091514
2875.75757575758,0.00683737731432746
2878.78787878788,0.00685150191170978
2881.81818181818,0.0068661510414328
2884.84848484848,0.0068815077711866
2887.87878787879,0.00689411425038503
2890.90909090909,0.00690870125832396
2893.93939393939,0.0069263958725154
2896.9696969697,0.00694323123946241
2900,0.00695700541729616
2903.0303030303,0.00697653174587434
2906.06060606061,0.00699163331781702
2909.09090909091,0.00701018047344806
2912.12121212121,0.00702840611842444
2915.15151515152,0.00704862314479041
2918.18181818182,0.00706771018084369
2921.21212121212,0.00708738071787131
2924.24242424242,0.007106062383996
2927.27272727273,0.00712724611590131
2930.30303030303,0.00715013704442604
2933.33333333333,0.00717354271446873
2936.36363636364,0.00719703251553748
2939.39393939394,0.00721951870555464
2942.42424242424,0.00724224630395467
2945.45454545455,0.0072680896944915
2948.48484848485,0.00729360996356972
2951.51515151515,0.0073203890634613
2954.54545454545,0.00734767564682881
2957.57575757576,0.00737446856704319
2960.60606060606,0.00740160534875265
2963.63636363636,0.00743061004739176
2966.66666666667,0.00745833581714676
2969.69696969697,0.0074890012532226
2972.72727272727,0.00752136213050317
2975.75757575758,0.00755029016903842
2978.78787878788,0.00758208756539568
2981.81818181818,0.00761699877820327
2984.84848484848,0.00764920432483997
2987.87878787879,0.00768269236674852
2990.90909090909,0.00772059815164644
2993.93939393939,0.00775281243684573
2996.9696969697,0.00779064493462837
3000,0.00782707483858912
3003.0303030303,0.00786293709509022
3006.06060606061,0.00789966373053712
3009.09090909091,0.00793996379176322
3012.12121212121,0.00797808173484765
3015.15151515152,0.00801498736232439
3018.18181818182,0.00805747068261507
3021.21212121212,0.00809660564009347
3024.24242424242,0.00813575296518627
3027.27272727273,0.0081784992775329
3030.30303030303,0.00821805026842055
3033.33333333333,0.00826217228765528
3036.36363636364,0.00830198516583166
3039.39393939394,0.00834646599098395
3042.42424242424,0.00838603131077651
3045.45454545455,0.00843172552515742
3048.48484848485,0.00847201127563064
3051.51515151515,0.00851494826467556
3054.54545454545,0.00855801892840896
3057.57575757576,0.00859942196452461
3060.60606060606,0.00864344194522698
3063.63636363636,0.0086843373093405
3066.66666666667,0.0087262197895122
3069.69696969697,0.0087693299891998
3072.72727272727,0.008811549007734
3075.75757575758,0.0088503503495156
3078.78787878788,0.0088932233374871
3081.81818181818,0.0089340808287979
3084.84848484848,0.0089724935197506
3087.87878787879,0.0090119835265043
3090.90909090909,0.0090504142015197
3093.93939393939,0.0090882389744795
3096.9696969697,0.0091244422690018
3100,0.0091610328875582
3103.0303030303,0.0091954341569727
3106.06060606061,0.0092325790453679
3109.09090909091,0.0092644860715628
3112.12121212121,0.0092986620961545
3115.15151515152,0.0093308733204795
3118.18181818182,0.0093623831726807
3121.21212121212,0.0093926891500215
3124.24242424242,0.0094224937806399
3127.27272727273,0.0094488447292208
3130.30303030303,0.0094761120110527
3133.33333333333,0.0095025279495934
3136.36363636364,0.0095263024264441
3139.39393939394,0.0095511651119988
3142.42424242424,0.0095744349377542
3145.45454545455,0.0095942582123014
3148.48484848485,0.0096143455787091
3151.51515151515,0.0096348375412722
3154.54545454545,0.0096517630137457
3157.57575757576,0.0096707036122995
3160.60606060606,0.0096864920182915
3163.63636363636,0.0097032628278253
3166.66666666667,0.0097169957160308
3169.69696969697,0.0097290080010772
3172.72727272727,0.0097420001862666
3175.75757575758,0.0097520124537007
3178.78787878788,0.0097639962372521
3181.81818181818,0.0097742243042805
3184.84848484848,0.009783551048748
3187.87878787879,0.0097931720001374
3190.90909090909,0.0097985911576485
3193.93939393939,0.0098064378941146
3196.9696969697,0.0098152938016097
3200,0.0098203891242776
3203.0303030303,0.0098278899758385
3206.06060606061,0.0098339579081921
3209.09090909091,0.0098380079401143
3212.12121212121,0.0098453921870386
3215.15151515152,0.009850452346698
3218.18181818182,0.0098573182153084
3221.21212121212,0.0098622984714947
3224.24242424242,0.0098675453602892
3227.27272727273,0.0098732261408232
3230.30303030303,0.0098778821840903
3233.33333333333,0.0098847207962108
3236.36363636364,0.0098892023235884
3239.39393939394,0.0098988505320734
3242.42424242424,0.0099027918384893
3245.45454545455,0.0099105725881976
3248.48484848485,0.0099194244396963
3251.51515151515,0.0099256386361631
3254.54545454545,0.0099352946293865
3257.57575757576,0.0099454526394454
3260.60606060606,0.0099528408249128
3263.63636363636,0.0099641700908741
3266.66666666667,0.0099729410216332
3269.69696969697,0.0099854471637079
3272.72727272727,0.0099952083510313
3275.75757575758,0.0100067351373995
3278.78787878788,0.0100194940728864
3281.81818181818,0.0100303331037389
3284.84848484848,0.010044050875629
3287.87878787879,0.0100576053190996
3290.90909090909,0.0100708350449629
3293.93939393939,0.010086645189501
3296.9696969697,0.0101009002703618
3300,0.0101143372047702
3303.0303030303,0.0101264157165434
3306.06060606061,0.0101421803273201
3309.09090909091,0.0101585777008763
3312.12121212121,0.0101759651171005
3315.15151515152,0.0101889068659995
3318.18181818182,0.0102034997926342
3321.21212121212,0.0102164967106528
3324.24242424242,0.0102308781605771
3327.27272727273,0.0102458808588336
3330.30303030303,0.0102615115092864
3333.33333333333,0.010272949798518
3336.36363636364,0.0102858065890426
3339.39393939394,0.0102976527668401
3342.42424242424,0.0103098667003937
3345.45454545455,0.0103217290572003
3348.48484848485,0.0103331240661783
3351.51515151515,0.0103383544198095
3354.54545454545,0.010347636494374
3357.57575757576,0.0103541064324269
3360.60606060606,0.0103597447215466
3363.63636363636,0.01036433982699
3366.66666666667,0.0103687940998245
3369.69696969697,0.010370898301819
3372.72727272727,0.0103712284312021
3375.75757575758,0.0103699150269979
3378.78787878788,0.0103686263400453
3381.81818181818,0.0103662072853831
3384.84848484848,0.010360001637123
3387.87878787879,0.0103520896008248
3390.90909090909,0.0103429879679194
3393.93939393939,0.0103321406026483
3396.9696969697,0.0103227436285485
3400,0.0103082908656758
3403.0303030303,0.0102924726488318
3406.06060606061,0.0102741555888097
3409.09090909091,0.0102548952992601
3412.12121212121,0.0102367280709634
3415.15151515152,0.0102125876741295
3418.18181818182,0.0101868135368698
3421.21212121212,0.0101637752625284
3424.24242424242,0.0101355898147587
3427.27272727273,0.0101072692194761
3430.30303030303,0.0100737789957495
3433.33333333333,0.0100430403552783
3436.36363636364,0.0100071154332413
3439.39393939394,0.0099703836711536
3442.42424242424,0.0099349247695969
3445.45454545455,0.0098950129729564
3448.48484848485,0.0098572734641346
3451.51515151515,0.009815347786966
3454.54545454545,0.0097733799693389
3457.57575757576,0.0097267181845878
3460.60606060606,0.00968534359297
3463.63636363636,0.0096376886979891
3466.66666666667,0.0095921191660291
3469.69696969697,0.0095437354320676
3472.72727272727,0.0094931224941554
3475.75757575758,0.0094457920297138
3478.78787878788,0.0093943763498626
3481.81818181818,0.0093435408795841
3484.84848484848,0.0092928364393384
3487.87878787879,0.0092397797802963
3490.90909090909,0.0091909634644143
3493.93939393939,0.009139508606625
3496.9696969697,0.0090869456142389
3500,0.0090345672850863
